[
  {
    "name": "2015 pine progressive now 4.85",
    "description": "",
    "geometry_type": "Polygon",
    "coordinates": [
      [
        32.30521681747294,
        0.9838998481825323,
        0.0
      ],
      [
        32.30869810662406,
        0.9838431299954253,
        0.0
      ],
      [
        32.30869170789077,
        0.9864265524189377,
        0.0
      ],
      [
        32.3080784271738,
        0.9859444749882881,
        0.0
      ],
      [
        32.3078613159233,
        0.9854893193389557,
        0.0
      ],
      [
        32.30758117399179,
        0.9852652448631035,
        0.0
      ],
      [
        32.30632754633293,
        0.98452101280492,
        0.0
      ],
      [
        32.30526302653154,
        0.9839538267438616,
        0.0
      ],
      [
        32.30521681747294,
        0.9838998481825323,
        0.0
      ]
    ],
    "num_points": 9,
    "centroid_lon": 32.30699277104601,
    "centroid_lat": 0.9848048063909507
  }
]