source,pays,indicateur,code_indicateur,annee,valeur
World Bank,Senegal,Medium and high-tech manufacturing value added (% manufacturing value added),NV.MNF.TECH.ZS.UN,2025,
World Bank,Senegal,Medium and high-tech manufacturing value added (% manufacturing value added),NV.MNF.TECH.ZS.UN,2024,
World Bank,Senegal,Medium and high-tech manufacturing value added (% manufacturing value added),NV.MNF.TECH.ZS.UN,2023,
World Bank,Senegal,Medium and high-tech manufacturing value added (% manufacturing value added),NV.MNF.TECH.ZS.UN,2022,26.8109117172852
World Bank,Senegal,Medium and high-tech manufacturing value added (% manufacturing value added),NV.MNF.TECH.ZS.UN,2021,26.8372976208333
World Bank,Senegal,Medium and high-tech manufacturing value added (% manufacturing value added),NV.MNF.TECH.ZS.UN,2020,26.8372976213396
World Bank,Senegal,Medium and high-tech manufacturing value added (% manufacturing value added),NV.MNF.TECH.ZS.UN,2019,26.837147346788
World Bank,Senegal,Medium and high-tech manufacturing value added (% manufacturing value added),NV.MNF.TECH.ZS.UN,2018,26.7784438660094
World Bank,Senegal,Medium and high-tech manufacturing value added (% manufacturing value added),NV.MNF.TECH.ZS.UN,2017,23.4190678611933
World Bank,Senegal,Medium and high-tech manufacturing value added (% manufacturing value added),NV.MNF.TECH.ZS.UN,2016,25.6379667278284
World Bank,Senegal,Medium and high-tech manufacturing value added (% manufacturing value added),NV.MNF.TECH.ZS.UN,2015,12.8182502909773
World Bank,Senegal,Medium and high-tech manufacturing value added (% manufacturing value added),NV.MNF.TECH.ZS.UN,2014,14.6561613155225
World Bank,Senegal,Medium and high-tech manufacturing value added (% manufacturing value added),NV.MNF.TECH.ZS.UN,2013,19.1370537921467
World Bank,Senegal,Medium and high-tech manufacturing value added (% manufacturing value added),NV.MNF.TECH.ZS.UN,2012,20.3910749539981
World Bank,Senegal,Medium and high-tech manufacturing value added (% manufacturing value added),NV.MNF.TECH.ZS.UN,2011,21.1053383417694
World Bank,Senegal,Medium and high-tech manufacturing value added (% manufacturing value added),NV.MNF.TECH.ZS.UN,2010,18.3552416774508
World Bank,Senegal,Medium and high-tech manufacturing value added (% manufacturing value added),NV.MNF.TECH.ZS.UN,2009,19.4992655144401
World Bank,Senegal,Medium and high-tech manufacturing value added (% manufacturing value added),NV.MNF.TECH.ZS.UN,2008,19.3082337300719
World Bank,Senegal,Medium and high-tech manufacturing value added (% manufacturing value added),NV.MNF.TECH.ZS.UN,2007,17.3368771625307
World Bank,Senegal,Medium and high-tech manufacturing value added (% manufacturing value added),NV.MNF.TECH.ZS.UN,2006,18.1891601326812
World Bank,Senegal,Medium and high-tech manufacturing value added (% manufacturing value added),NV.MNF.TECH.ZS.UN,2005,12.9956210557303
World Bank,Senegal,Medium and high-tech manufacturing value added (% manufacturing value added),NV.MNF.TECH.ZS.UN,2004,11.5099269486493
World Bank,Senegal,Medium and high-tech manufacturing value added (% manufacturing value added),NV.MNF.TECH.ZS.UN,2003,30.4633497758977
World Bank,Senegal,Medium and high-tech manufacturing value added (% manufacturing value added),NV.MNF.TECH.ZS.UN,2002,29.7070258575819
World Bank,Senegal,Medium and high-tech manufacturing value added (% manufacturing value added),NV.MNF.TECH.ZS.UN,2001,26.7994167407806
World Bank,Senegal,Medium and high-tech manufacturing value added (% manufacturing value added),NV.MNF.TECH.ZS.UN,2000,25.0369214768591
World Bank,Senegal,MVA annual growth %,NV.IND.MANF.KD.ZG,2025,0.101848625958084
World Bank,Senegal,MVA annual growth %,NV.IND.MANF.KD.ZG,2024,0.648407883347303
World Bank,Senegal,MVA annual growth %,NV.IND.MANF.KD.ZG,2023,4.9121311044741
World Bank,Senegal,MVA annual growth %,NV.IND.MANF.KD.ZG,2022,3.50114520459906
World Bank,Senegal,MVA annual growth %,NV.IND.MANF.KD.ZG,2021,6.83040785894866
World Bank,Senegal,MVA annual growth %,NV.IND.MANF.KD.ZG,2020,0.0860245617003557
World Bank,Senegal,MVA annual growth %,NV.IND.MANF.KD.ZG,2019,3.73825316537729
World Bank,Senegal,MVA annual growth %,NV.IND.MANF.KD.ZG,2018,4.05735236488036
World Bank,Senegal,MVA annual growth %,NV.IND.MANF.KD.ZG,2017,5.13202670418255
World Bank,Senegal,MVA annual growth %,NV.IND.MANF.KD.ZG,2016,5.90378228890376
World Bank,Senegal,MVA annual growth %,NV.IND.MANF.KD.ZG,2015,6.10777945764802
World Bank,Senegal,MVA annual growth %,NV.IND.MANF.KD.ZG,2014,0.219955618097316
World Bank,Senegal,MVA annual growth %,NV.IND.MANF.KD.ZG,2013,2.85288029034034
World Bank,Senegal,MVA annual growth %,NV.IND.MANF.KD.ZG,2012,-0.0590236408844476
World Bank,Senegal,MVA annual growth %,NV.IND.MANF.KD.ZG,2011,9.18574625505127
World Bank,Senegal,MVA annual growth %,NV.IND.MANF.KD.ZG,2010,1.75314285921351
World Bank,Senegal,MVA annual growth %,NV.IND.MANF.KD.ZG,2009,3.57545035233051
World Bank,Senegal,MVA annual growth %,NV.IND.MANF.KD.ZG,2008,-2.34914124620903
World Bank,Senegal,MVA annual growth %,NV.IND.MANF.KD.ZG,2007,2.2927002588568
World Bank,Senegal,MVA annual growth %,NV.IND.MANF.KD.ZG,2006,-0.0074070543371505
World Bank,Senegal,MVA annual growth %,NV.IND.MANF.KD.ZG,2005,1.04007781403608
World Bank,Senegal,MVA annual growth %,NV.IND.MANF.KD.ZG,2004,3.01345425691044
World Bank,Senegal,MVA annual growth %,NV.IND.MANF.KD.ZG,2003,-0.400620335330785
World Bank,Senegal,MVA annual growth %,NV.IND.MANF.KD.ZG,2002,3.12243128119694
World Bank,Senegal,MVA annual growth %,NV.IND.MANF.KD.ZG,2001,7.5950800880783
World Bank,Senegal,MVA annual growth %,NV.IND.MANF.KD.ZG,2000,8.83858966579385
World Bank,Senegal,MVA % of GDP,NV.IND.MANF.ZS,2025,13.2024901187578
World Bank,Senegal,MVA % of GDP,NV.IND.MANF.ZS,2024,14.2223141039377
World Bank,Senegal,MVA % of GDP,NV.IND.MANF.ZS,2023,14.5435051681933
World Bank,Senegal,MVA % of GDP,NV.IND.MANF.ZS,2022,15.5609051361032
World Bank,Senegal,MVA % of GDP,NV.IND.MANF.ZS,2021,15.0896077803993
World Bank,Senegal,MVA % of GDP,NV.IND.MANF.ZS,2020,14.6422445114601
World Bank,Senegal,MVA % of GDP,NV.IND.MANF.ZS,2019,14.8921153803941
World Bank,Senegal,MVA % of GDP,NV.IND.MANF.ZS,2018,15.5256232627653
World Bank,Senegal,MVA % of GDP,NV.IND.MANF.ZS,2017,15.8290512161897
World Bank,Senegal,MVA % of GDP,NV.IND.MANF.ZS,2016,16.4126562605797
World Bank,Senegal,MVA % of GDP,NV.IND.MANF.ZS,2015,17.0430550070656
World Bank,Senegal,MVA % of GDP,NV.IND.MANF.ZS,2014,16.9974155601834
World Bank,Senegal,MVA % of GDP,NV.IND.MANF.ZS,2013,17.3800241394178
World Bank,Senegal,MVA % of GDP,NV.IND.MANF.ZS,2012,16.9951058363143
World Bank,Senegal,MVA % of GDP,NV.IND.MANF.ZS,2011,17.2457486401925
World Bank,Senegal,MVA % of GDP,NV.IND.MANF.ZS,2010,15.5728888059142
World Bank,Senegal,MVA % of GDP,NV.IND.MANF.ZS,2009,15.7656823110789
World Bank,Senegal,MVA % of GDP,NV.IND.MANF.ZS,2008,17.5393313172084
World Bank,Senegal,MVA % of GDP,NV.IND.MANF.ZS,2007,18.6161273761302
World Bank,Senegal,MVA % of GDP,NV.IND.MANF.ZS,2006,19.245473801956
World Bank,Senegal,MVA % of GDP,NV.IND.MANF.ZS,2005,19.9057752906815
World Bank,Senegal,MVA % of GDP,NV.IND.MANF.ZS,2004,20.9593657923194
World Bank,Senegal,MVA % of GDP,NV.IND.MANF.ZS,2003,20.5758896261028
World Bank,Senegal,MVA % of GDP,NV.IND.MANF.ZS,2002,21.586895139585
World Bank,Senegal,MVA % of GDP,NV.IND.MANF.ZS,2001,20.9839620681588
World Bank,Senegal,MVA % of GDP,NV.IND.MANF.ZS,2000,20.83892501498
World Bank,Senegal,"MVA (valeur ajoutée manufacturière, US$ courants)",NV.IND.MANF.CD,2025,4885784290.16574
World Bank,Senegal,"MVA (valeur ajoutée manufacturière, US$ courants)",NV.IND.MANF.CD,2024,4575317885.71848
World Bank,Senegal,"MVA (valeur ajoutée manufacturière, US$ courants)",NV.IND.MANF.CD,2023,4464322528.44788
World Bank,Senegal,"MVA (valeur ajoutée manufacturière, US$ courants)",NV.IND.MANF.CD,2022,4323337970.81899
World Bank,Senegal,"MVA (valeur ajoutée manufacturière, US$ courants)",NV.IND.MANF.CD,2021,4152778383.26978
World Bank,Senegal,"MVA (valeur ajoutée manufacturière, US$ courants)",NV.IND.MANF.CD,2020,3591817698.90322
World Bank,Senegal,"MVA (valeur ajoutée manufacturière, US$ courants)",NV.IND.MANF.CD,2019,3485350086.77162
World Bank,Senegal,"MVA (valeur ajoutée manufacturière, US$ courants)",NV.IND.MANF.CD,2018,3589011994.3838
World Bank,Senegal,"MVA (valeur ajoutée manufacturière, US$ courants)",NV.IND.MANF.CD,2017,3318571600.17515
World Bank,Senegal,"MVA (valeur ajoutée manufacturière, US$ courants)",NV.IND.MANF.CD,2016,3125021014.18664
World Bank,Senegal,"MVA (valeur ajoutée manufacturière, US$ courants)",NV.IND.MANF.CD,2015,3029363265.40684
World Bank,Senegal,"MVA (valeur ajoutée manufacturière, US$ courants)",NV.IND.MANF.CD,2014,3365021436.74505
World Bank,Senegal,"MVA (valeur ajoutée manufacturière, US$ courants)",NV.IND.MANF.CD,2013,3288069017.44068
World Bank,Senegal,"MVA (valeur ajoutée manufacturière, US$ courants)",NV.IND.MANF.CD,2012,3001483618.05274
World Bank,Senegal,"MVA (valeur ajoutée manufacturière, US$ courants)",NV.IND.MANF.CD,2011,3072206578.48666
World Bank,Senegal,"MVA (valeur ajoutée manufacturière, US$ courants)",NV.IND.MANF.CD,2010,2510554600.57053
World Bank,Senegal,"MVA (valeur ajoutée manufacturière, US$ courants)",NV.IND.MANF.CD,2009,2545506175.62007
World Bank,Senegal,"MVA (valeur ajoutée manufacturière, US$ courants)",NV.IND.MANF.CD,2008,2956077080.94359
World Bank,Senegal,"MVA (valeur ajoutée manufacturière, US$ courants)",NV.IND.MANF.CD,2007,2605181525.05085
World Bank,Senegal,"MVA (valeur ajoutée manufacturière, US$ courants)",NV.IND.MANF.CD,2006,2251319790.83147
World Bank,Senegal,"MVA (valeur ajoutée manufacturière, US$ courants)",NV.IND.MANF.CD,2005,2191433457.83213
World Bank,Senegal,"MVA (valeur ajoutée manufacturière, US$ courants)",NV.IND.MANF.CD,2004,2112036865.37822
World Bank,Senegal,"MVA (valeur ajoutée manufacturière, US$ courants)",NV.IND.MANF.CD,2003,1804242470.46063
World Bank,Senegal,"MVA (valeur ajoutée manufacturière, US$ courants)",NV.IND.MANF.CD,2002,1512464721.82373
World Bank,Senegal,"MVA (valeur ajoutée manufacturière, US$ courants)",NV.IND.MANF.CD,2001,1365599493.63467
World Bank,Senegal,"MVA (valeur ajoutée manufacturière, US$ courants)",NV.IND.MANF.CD,2000,1253083113.99042
World Bank,Senegal,Industry value added per worker (constant 2015 US$),NV.IND.EMPL.KD,2025,6034.70707599659
World Bank,Senegal,Industry value added per worker (constant 2015 US$),NV.IND.EMPL.KD,2024,5407.30717889404
World Bank,Senegal,Industry value added per worker (constant 2015 US$),NV.IND.EMPL.KD,2023,4753.18401825524
World Bank,Senegal,Industry value added per worker (constant 2015 US$),NV.IND.EMPL.KD,2022,4649.76147534373
World Bank,Senegal,Industry value added per worker (constant 2015 US$),NV.IND.EMPL.KD,2021,4841.43740224328
World Bank,Senegal,Industry value added per worker (constant 2015 US$),NV.IND.EMPL.KD,2020,4875.47656302054
World Bank,Senegal,Industry value added per worker (constant 2015 US$),NV.IND.EMPL.KD,2019,5164.03044897977
World Bank,Senegal,Industry value added per worker (constant 2015 US$),NV.IND.EMPL.KD,2018,6318.03804621565
World Bank,Senegal,Industry value added per worker (constant 2015 US$),NV.IND.EMPL.KD,2017,7730.47487001488
World Bank,Senegal,Industry value added per worker (constant 2015 US$),NV.IND.EMPL.KD,2016,8252.18482587501
World Bank,Senegal,Industry value added per worker (constant 2015 US$),NV.IND.EMPL.KD,2015,9045.94553745787
World Bank,Senegal,Industry value added per worker (constant 2015 US$),NV.IND.EMPL.KD,2014,7981.56973280306
World Bank,Senegal,Industry value added per worker (constant 2015 US$),NV.IND.EMPL.KD,2013,7493.42645044448
World Bank,Senegal,Industry value added per worker (constant 2015 US$),NV.IND.EMPL.KD,2012,7016.91155715758
World Bank,Senegal,Industry value added per worker (constant 2015 US$),NV.IND.EMPL.KD,2011,6743.86276943037
World Bank,Senegal,Industry value added per worker (constant 2015 US$),NV.IND.EMPL.KD,2010,6078.51492348281
World Bank,Senegal,Industry value added per worker (constant 2015 US$),NV.IND.EMPL.KD,2009,5881.6693470294
World Bank,Senegal,Industry value added per worker (constant 2015 US$),NV.IND.EMPL.KD,2008,5546.86216362401
World Bank,Senegal,Industry value added per worker (constant 2015 US$),NV.IND.EMPL.KD,2007,5585.85948703704
World Bank,Senegal,Industry value added per worker (constant 2015 US$),NV.IND.EMPL.KD,2006,5372.45833458387
World Bank,Senegal,Industry value added per worker (constant 2015 US$),NV.IND.EMPL.KD,2005,5765.15535136369
World Bank,Senegal,Industry value added per worker (constant 2015 US$),NV.IND.EMPL.KD,2004,6248.33726602837
World Bank,Senegal,Industry value added per worker (constant 2015 US$),NV.IND.EMPL.KD,2003,6531.32270729572
World Bank,Senegal,Industry value added per worker (constant 2015 US$),NV.IND.EMPL.KD,2002,7011.37160923118
World Bank,Senegal,Industry value added per worker (constant 2015 US$),NV.IND.EMPL.KD,2001,7140.19678861776
World Bank,Senegal,Industry value added per worker (constant 2015 US$),NV.IND.EMPL.KD,2000,6970.07215893473
World Bank,Senegal,Employment in industry (% total employment),SL.IND.EMPL.ZS,2025,22.4987033658158
World Bank,Senegal,Employment in industry (% total employment),SL.IND.EMPL.ZS,2024,22.2601889055951
World Bank,Senegal,Employment in industry (% total employment),SL.IND.EMPL.ZS,2023,22.2534331304009
World Bank,Senegal,Employment in industry (% total employment),SL.IND.EMPL.ZS,2022,22.3232195016833
World Bank,Senegal,Employment in industry (% total employment),SL.IND.EMPL.ZS,2021,21.8887991748021
World Bank,Senegal,Employment in industry (% total employment),SL.IND.EMPL.ZS,2020,21.4155213914915
World Bank,Senegal,Employment in industry (% total employment),SL.IND.EMPL.ZS,2019,21.1445178069339
World Bank,Senegal,Employment in industry (% total employment),SL.IND.EMPL.ZS,2018,17.9891394882352
World Bank,Senegal,Employment in industry (% total employment),SL.IND.EMPL.ZS,2017,15.1250427755088
World Bank,Senegal,Employment in industry (% total employment),SL.IND.EMPL.ZS,2016,12.6227485209244
World Bank,Senegal,Employment in industry (% total employment),SL.IND.EMPL.ZS,2015,12.9921811664
World Bank,Senegal,Employment in industry (% total employment),SL.IND.EMPL.ZS,2014,13.5956397199236
World Bank,Senegal,Employment in industry (% total employment),SL.IND.EMPL.ZS,2013,14.1948949845482
World Bank,Senegal,Employment in industry (% total employment),SL.IND.EMPL.ZS,2012,14.7233444030222
World Bank,Senegal,Employment in industry (% total employment),SL.IND.EMPL.ZS,2011,15.2735160022577
World Bank,Senegal,Employment in industry (% total employment),SL.IND.EMPL.ZS,2010,15.7796964506197
World Bank,Senegal,Employment in industry (% total employment),SL.IND.EMPL.ZS,2009,16.2764655415499
World Bank,Senegal,Employment in industry (% total employment),SL.IND.EMPL.ZS,2008,16.693345953655
World Bank,Senegal,Employment in industry (% total employment),SL.IND.EMPL.ZS,2007,17.1649032375867
World Bank,Senegal,Employment in industry (% total employment),SL.IND.EMPL.ZS,2006,17.5316982556926
World Bank,Senegal,Employment in industry (% total employment),SL.IND.EMPL.ZS,2005,16.5423135006853
World Bank,Senegal,Employment in industry (% total employment),SL.IND.EMPL.ZS,2004,15.6356170418419
World Bank,Senegal,Employment in industry (% total employment),SL.IND.EMPL.ZS,2003,14.7114436650586
World Bank,Senegal,Employment in industry (% total employment),SL.IND.EMPL.ZS,2002,13.882266184657
World Bank,Senegal,Employment in industry (% total employment),SL.IND.EMPL.ZS,2001,13.189474886194
World Bank,Senegal,Employment in industry (% total employment),SL.IND.EMPL.ZS,2000,13.0809945048364
World Bank,Senegal,Gross fixed capital formation (annual % growth),NE.GDI.FTOT.KD.ZG,2025,5.83528438141208
World Bank,Senegal,Gross fixed capital formation (annual % growth),NE.GDI.FTOT.KD.ZG,2024,0.8595155840801
World Bank,Senegal,Gross fixed capital formation (annual % growth),NE.GDI.FTOT.KD.ZG,2023,9.27505245412137
World Bank,Senegal,Gross fixed capital formation (annual % growth),NE.GDI.FTOT.KD.ZG,2022,11.0391697228629
World Bank,Senegal,Gross fixed capital formation (annual % growth),NE.GDI.FTOT.KD.ZG,2021,15.770270886262
World Bank,Senegal,Gross fixed capital formation (annual % growth),NE.GDI.FTOT.KD.ZG,2020,7.19811639730239
World Bank,Senegal,Gross fixed capital formation (annual % growth),NE.GDI.FTOT.KD.ZG,2019,10.2500559596936
World Bank,Senegal,Gross fixed capital formation (annual % growth),NE.GDI.FTOT.KD.ZG,2018,13.7068968802762
World Bank,Senegal,Gross fixed capital formation (annual % growth),NE.GDI.FTOT.KD.ZG,2017,15.4344295607088
World Bank,Senegal,Gross fixed capital formation (annual % growth),NE.GDI.FTOT.KD.ZG,2016,15.2588732305969
World Bank,Senegal,Gross fixed capital formation (annual % growth),NE.GDI.FTOT.KD.ZG,2015,5.88163275087194
World Bank,Senegal,Gross fixed capital formation (annual % growth),NE.GDI.FTOT.KD.ZG,2014,18.0203609159932
World Bank,Senegal,Gross fixed capital formation (annual % growth),NE.GDI.FTOT.KD.ZG,2013,18.9127901554001
World Bank,Senegal,Gross fixed capital formation (annual % growth),NE.GDI.FTOT.KD.ZG,2012,5.56618357493717
World Bank,Senegal,Gross fixed capital formation (annual % growth),NE.GDI.FTOT.KD.ZG,2011,11.8177498237603
World Bank,Senegal,Gross fixed capital formation (annual % growth),NE.GDI.FTOT.KD.ZG,2010,-2.21783321776205
World Bank,Senegal,Gross fixed capital formation (annual % growth),NE.GDI.FTOT.KD.ZG,2009,-0.0536358554557381
World Bank,Senegal,Gross fixed capital formation (annual % growth),NE.GDI.FTOT.KD.ZG,2008,11.6798578070585
World Bank,Senegal,Gross fixed capital formation (annual % growth),NE.GDI.FTOT.KD.ZG,2007,5.10742555130987
World Bank,Senegal,Gross fixed capital formation (annual % growth),NE.GDI.FTOT.KD.ZG,2006,15.8633776596077
World Bank,Senegal,Gross fixed capital formation (annual % growth),NE.GDI.FTOT.KD.ZG,2005,4.08312768502554
World Bank,Senegal,Gross fixed capital formation (annual % growth),NE.GDI.FTOT.KD.ZG,2004,6.9782275658248
World Bank,Senegal,Gross fixed capital formation (annual % growth),NE.GDI.FTOT.KD.ZG,2003,5.32873759315322
World Bank,Senegal,Gross fixed capital formation (annual % growth),NE.GDI.FTOT.KD.ZG,2002,-2.02613488261277
World Bank,Senegal,Gross fixed capital formation (annual % growth),NE.GDI.FTOT.KD.ZG,2001,7.63110880456497
World Bank,Senegal,Gross fixed capital formation (annual % growth),NE.GDI.FTOT.KD.ZG,2000,1.47574948081758
World Bank,Senegal,"Gross fixed capital formation, private sector (% of GDP)",NE.GDI.FPRV.ZS,2025,25.26300568767
World Bank,Senegal,"Gross fixed capital formation, private sector (% of GDP)",NE.GDI.FPRV.ZS,2024,25.2834981283309
World Bank,Senegal,"Gross fixed capital formation, private sector (% of GDP)",NE.GDI.FPRV.ZS,2023,28.4639297538995
World Bank,Senegal,"Gross fixed capital formation, private sector (% of GDP)",NE.GDI.FPRV.ZS,2022,29.1115883287431
World Bank,Senegal,"Gross fixed capital formation, private sector (% of GDP)",NE.GDI.FPRV.ZS,2021,25.7188413184934
World Bank,Senegal,"Gross fixed capital formation, private sector (% of GDP)",NE.GDI.FPRV.ZS,2020,22.8702807905707
World Bank,Senegal,"Gross fixed capital formation, private sector (% of GDP)",NE.GDI.FPRV.ZS,2019,22.9603755187087
World Bank,Senegal,"Gross fixed capital formation, private sector (% of GDP)",NE.GDI.FPRV.ZS,2018,20.1259181205116
World Bank,Senegal,"Gross fixed capital formation, private sector (% of GDP)",NE.GDI.FPRV.ZS,2017,17.0316232336307
World Bank,Senegal,"Gross fixed capital formation, private sector (% of GDP)",NE.GDI.FPRV.ZS,2016,15.7849285800126
World Bank,Senegal,"Gross fixed capital formation, private sector (% of GDP)",NE.GDI.FPRV.ZS,2015,16.9887473652658
World Bank,Senegal,"Gross fixed capital formation, private sector (% of GDP)",NE.GDI.FPRV.ZS,2014,17.3108158443153
World Bank,Senegal,"Gross fixed capital formation, private sector (% of GDP)",NE.GDI.FPRV.ZS,2013,16.195823668485
World Bank,Senegal,"Gross fixed capital formation, private sector (% of GDP)",NE.GDI.FPRV.ZS,2012,14.5703475242752
World Bank,Senegal,"Gross fixed capital formation, private sector (% of GDP)",NE.GDI.FPRV.ZS,2011,14.9981232847786
World Bank,Senegal,"Gross fixed capital formation, private sector (% of GDP)",NE.GDI.FPRV.ZS,2010,12.0351772111522
World Bank,Senegal,"Gross fixed capital formation, private sector (% of GDP)",NE.GDI.FPRV.ZS,2009,13.699851376312
World Bank,Senegal,"Gross fixed capital formation, private sector (% of GDP)",NE.GDI.FPRV.ZS,2008,16.4854318972892
World Bank,Senegal,"Gross fixed capital formation, private sector (% of GDP)",NE.GDI.FPRV.ZS,2007,14.7253162916495
World Bank,Senegal,"Gross fixed capital formation, private sector (% of GDP)",NE.GDI.FPRV.ZS,2006,14.9296641116207
World Bank,Senegal,"Gross fixed capital formation, private sector (% of GDP)",NE.GDI.FPRV.ZS,2005,13.135533224716
World Bank,Senegal,"Gross fixed capital formation, private sector (% of GDP)",NE.GDI.FPRV.ZS,2004,12.2421628118996
World Bank,Senegal,"Gross fixed capital formation, private sector (% of GDP)",NE.GDI.FPRV.ZS,2003,12.6966537881532
World Bank,Senegal,"Gross fixed capital formation, private sector (% of GDP)",NE.GDI.FPRV.ZS,2002,15.6718253784384
World Bank,Senegal,"Gross fixed capital formation, private sector (% of GDP)",NE.GDI.FPRV.ZS,2001,14.7855865002897
World Bank,Senegal,"Gross fixed capital formation, private sector (% of GDP)",NE.GDI.FPRV.ZS,2000,15.36173057645
World Bank,Senegal,"Foreign direct investment, net inflows (BoP, current US$)",BX.KLT.DINV.CD.WD,2025,
World Bank,Senegal,"Foreign direct investment, net inflows (BoP, current US$)",BX.KLT.DINV.CD.WD,2024,2016428880
World Bank,Senegal,"Foreign direct investment, net inflows (BoP, current US$)",BX.KLT.DINV.CD.WD,2023,4789996739.26742
World Bank,Senegal,"Foreign direct investment, net inflows (BoP, current US$)",BX.KLT.DINV.CD.WD,2022,2928675555.20778
World Bank,Senegal,"Foreign direct investment, net inflows (BoP, current US$)",BX.KLT.DINV.CD.WD,2021,2588127208.45378
World Bank,Senegal,"Foreign direct investment, net inflows (BoP, current US$)",BX.KLT.DINV.CD.WD,2020,1845665272.73822
World Bank,Senegal,"Foreign direct investment, net inflows (BoP, current US$)",BX.KLT.DINV.CD.WD,2019,1065461344.07465
World Bank,Senegal,"Foreign direct investment, net inflows (BoP, current US$)",BX.KLT.DINV.CD.WD,2018,847841574.790215
World Bank,Senegal,"Foreign direct investment, net inflows (BoP, current US$)",BX.KLT.DINV.CD.WD,2017,588292997.958708
World Bank,Senegal,"Foreign direct investment, net inflows (BoP, current US$)",BX.KLT.DINV.CD.WD,2016,472409799.846776
World Bank,Senegal,"Foreign direct investment, net inflows (BoP, current US$)",BX.KLT.DINV.CD.WD,2015,409166125.814909
World Bank,Senegal,"Foreign direct investment, net inflows (BoP, current US$)",BX.KLT.DINV.CD.WD,2014,403098056.387862
World Bank,Senegal,"Foreign direct investment, net inflows (BoP, current US$)",BX.KLT.DINV.CD.WD,2013,311366768.819424
World Bank,Senegal,"Foreign direct investment, net inflows (BoP, current US$)",BX.KLT.DINV.CD.WD,2012,276159533.004473
World Bank,Senegal,"Foreign direct investment, net inflows (BoP, current US$)",BX.KLT.DINV.CD.WD,2011,338661995.579347
World Bank,Senegal,"Foreign direct investment, net inflows (BoP, current US$)",BX.KLT.DINV.CD.WD,2010,272092888.456612
World Bank,Senegal,"Foreign direct investment, net inflows (BoP, current US$)",BX.KLT.DINV.CD.WD,2009,331473910.250357
World Bank,Senegal,"Foreign direct investment, net inflows (BoP, current US$)",BX.KLT.DINV.CD.WD,2008,455739867.976293
World Bank,Senegal,"Foreign direct investment, net inflows (BoP, current US$)",BX.KLT.DINV.CD.WD,2007,351458732.442619
World Bank,Senegal,"Foreign direct investment, net inflows (BoP, current US$)",BX.KLT.DINV.CD.WD,2006,289840300.29228
World Bank,Senegal,"Foreign direct investment, net inflows (BoP, current US$)",BX.KLT.DINV.CD.WD,2005,167944230.519191
World Bank,Senegal,"Foreign direct investment, net inflows (BoP, current US$)",BX.KLT.DINV.CD.WD,2004,137583476.929811
World Bank,Senegal,"Foreign direct investment, net inflows (BoP, current US$)",BX.KLT.DINV.CD.WD,2003,86499780.3681952
World Bank,Senegal,"Foreign direct investment, net inflows (BoP, current US$)",BX.KLT.DINV.CD.WD,2002,82692671.5664975
World Bank,Senegal,"Foreign direct investment, net inflows (BoP, current US$)",BX.KLT.DINV.CD.WD,2001,45083429.8139549
World Bank,Senegal,"Foreign direct investment, net inflows (BoP, current US$)",BX.KLT.DINV.CD.WD,2000,81643690.1235186
World Bank,Viet Nam,Medium and high-tech manufacturing value added (% manufacturing value added),NV.MNF.TECH.ZS.UN,2025,
World Bank,Viet Nam,Medium and high-tech manufacturing value added (% manufacturing value added),NV.MNF.TECH.ZS.UN,2024,
World Bank,Viet Nam,Medium and high-tech manufacturing value added (% manufacturing value added),NV.MNF.TECH.ZS.UN,2023,
World Bank,Viet Nam,Medium and high-tech manufacturing value added (% manufacturing value added),NV.MNF.TECH.ZS.UN,2022,38.7034371333914
World Bank,Viet Nam,Medium and high-tech manufacturing value added (% manufacturing value added),NV.MNF.TECH.ZS.UN,2021,38.4571318716276
World Bank,Viet Nam,Medium and high-tech manufacturing value added (% manufacturing value added),NV.MNF.TECH.ZS.UN,2020,39.6100564323312
World Bank,Viet Nam,Medium and high-tech manufacturing value added (% manufacturing value added),NV.MNF.TECH.ZS.UN,2019,37.8438782636639
World Bank,Viet Nam,Medium and high-tech manufacturing value added (% manufacturing value added),NV.MNF.TECH.ZS.UN,2018,38.5098248523289
World Bank,Viet Nam,Medium and high-tech manufacturing value added (% manufacturing value added),NV.MNF.TECH.ZS.UN,2017,40.0830740439537
World Bank,Viet Nam,Medium and high-tech manufacturing value added (% manufacturing value added),NV.MNF.TECH.ZS.UN,2016,37.3528790761158
World Bank,Viet Nam,Medium and high-tech manufacturing value added (% manufacturing value added),NV.MNF.TECH.ZS.UN,2015,36.8496268759116
World Bank,Viet Nam,Medium and high-tech manufacturing value added (% manufacturing value added),NV.MNF.TECH.ZS.UN,2014,38.508031295158
World Bank,Viet Nam,Medium and high-tech manufacturing value added (% manufacturing value added),NV.MNF.TECH.ZS.UN,2013,29.7727293462114
World Bank,Viet Nam,Medium and high-tech manufacturing value added (% manufacturing value added),NV.MNF.TECH.ZS.UN,2012,23.2228500681187
World Bank,Viet Nam,Medium and high-tech manufacturing value added (% manufacturing value added),NV.MNF.TECH.ZS.UN,2011,19.0840367848217
World Bank,Viet Nam,Medium and high-tech manufacturing value added (% manufacturing value added),NV.MNF.TECH.ZS.UN,2010,23.3546498125897
World Bank,Viet Nam,Medium and high-tech manufacturing value added (% manufacturing value added),NV.MNF.TECH.ZS.UN,2009,23.5397044741207
World Bank,Viet Nam,Medium and high-tech manufacturing value added (% manufacturing value added),NV.MNF.TECH.ZS.UN,2008,22.4658554678733
World Bank,Viet Nam,Medium and high-tech manufacturing value added (% manufacturing value added),NV.MNF.TECH.ZS.UN,2007,23.153521645567
World Bank,Viet Nam,Medium and high-tech manufacturing value added (% manufacturing value added),NV.MNF.TECH.ZS.UN,2006,22.6528512004247
World Bank,Viet Nam,Medium and high-tech manufacturing value added (% manufacturing value added),NV.MNF.TECH.ZS.UN,2005,24.0416919191357
World Bank,Viet Nam,Medium and high-tech manufacturing value added (% manufacturing value added),NV.MNF.TECH.ZS.UN,2004,24.0416919196658
World Bank,Viet Nam,Medium and high-tech manufacturing value added (% manufacturing value added),NV.MNF.TECH.ZS.UN,2003,21.8580428725222
World Bank,Viet Nam,Medium and high-tech manufacturing value added (% manufacturing value added),NV.MNF.TECH.ZS.UN,2002,21.8580428728774
World Bank,Viet Nam,Medium and high-tech manufacturing value added (% manufacturing value added),NV.MNF.TECH.ZS.UN,2001,21.8580428728102
World Bank,Viet Nam,Medium and high-tech manufacturing value added (% manufacturing value added),NV.MNF.TECH.ZS.UN,2000,20.2615732317695
World Bank,Viet Nam,MVA % of GDP,NV.IND.MANF.ZS,2025,24.5280159649268
World Bank,Viet Nam,MVA % of GDP,NV.IND.MANF.ZS,2024,24.3330816740279
World Bank,Viet Nam,MVA % of GDP,NV.IND.MANF.ZS,2023,24.1127941421439
World Bank,Viet Nam,MVA % of GDP,NV.IND.MANF.ZS,2022,24.6563821395791
World Bank,Viet Nam,MVA % of GDP,NV.IND.MANF.ZS,2021,24.4593726835115
World Bank,Viet Nam,MVA % of GDP,NV.IND.MANF.ZS,2020,23.9472430412931
World Bank,Viet Nam,MVA % of GDP,NV.IND.MANF.ZS,2019,23.7867165015145
World Bank,Viet Nam,MVA % of GDP,NV.IND.MANF.ZS,2018,23.3671679233065
World Bank,Viet Nam,MVA % of GDP,NV.IND.MANF.ZS,2017,22.6271239749306
World Bank,Viet Nam,MVA % of GDP,NV.IND.MANF.ZS,2016,21.4882532002034
World Bank,Viet Nam,MVA % of GDP,NV.IND.MANF.ZS,2015,20.9600916821922
World Bank,Viet Nam,MVA % of GDP,NV.IND.MANF.ZS,2014,20.371229229791
World Bank,Viet Nam,MVA % of GDP,NV.IND.MANF.ZS,2013,20.6874536915425
World Bank,Viet Nam,MVA % of GDP,NV.IND.MANF.ZS,2012,20.2740924828827
World Bank,Viet Nam,MVA % of GDP,NV.IND.MANF.ZS,2011,18.694145538196
World Bank,Viet Nam,MVA % of GDP,NV.IND.MANF.ZS,2010,17.1305705708367
World Bank,Viet Nam,MVA % of GDP,NV.IND.MANF.ZS,2009,18.3010354592131
World Bank,Viet Nam,MVA % of GDP,NV.IND.MANF.ZS,2008,18.5796576460957
World Bank,Viet Nam,MVA % of GDP,NV.IND.MANF.ZS,2007,19.3804144953877
World Bank,Viet Nam,MVA % of GDP,NV.IND.MANF.ZS,2006,19.3807256267869
World Bank,Viet Nam,MVA % of GDP,NV.IND.MANF.ZS,2005,18.8232835631471
World Bank,Viet Nam,MVA % of GDP,NV.IND.MANF.ZS,2004,
World Bank,Viet Nam,MVA % of GDP,NV.IND.MANF.ZS,2003,
World Bank,Viet Nam,MVA % of GDP,NV.IND.MANF.ZS,2002,
World Bank,Viet Nam,MVA % of GDP,NV.IND.MANF.ZS,2001,
World Bank,Viet Nam,MVA % of GDP,NV.IND.MANF.ZS,2000,
World Bank,Viet Nam,Industry value added per worker (constant 2015 US$),NV.IND.EMPL.KD,2025,8201.20721145268
World Bank,Viet Nam,Industry value added per worker (constant 2015 US$),NV.IND.EMPL.KD,2024,7690.50551191712
World Bank,Viet Nam,Industry value added per worker (constant 2015 US$),NV.IND.EMPL.KD,2023,7345.58718277959
World Bank,Viet Nam,Industry value added per worker (constant 2015 US$),NV.IND.EMPL.KD,2022,7713.71890464656
World Bank,Viet Nam,Industry value added per worker (constant 2015 US$),NV.IND.EMPL.KD,2021,6801.09783145362
World Bank,Viet Nam,Industry value added per worker (constant 2015 US$),NV.IND.EMPL.KD,2020,7024.79560942237
World Bank,Viet Nam,Industry value added per worker (constant 2015 US$),NV.IND.EMPL.KD,2019,6907.46877646391
World Bank,Viet Nam,Industry value added per worker (constant 2015 US$),NV.IND.EMPL.KD,2018,7028.77076646221
World Bank,Viet Nam,Industry value added per worker (constant 2015 US$),NV.IND.EMPL.KD,2017,6814.84535018833
World Bank,Viet Nam,Industry value added per worker (constant 2015 US$),NV.IND.EMPL.KD,2016,6626.6661349335
World Bank,Viet Nam,Industry value added per worker (constant 2015 US$),NV.IND.EMPL.KD,2015,6722.90927067314
World Bank,Viet Nam,Industry value added per worker (constant 2015 US$),NV.IND.EMPL.KD,2014,6579.77099464027
World Bank,Viet Nam,Industry value added per worker (constant 2015 US$),NV.IND.EMPL.KD,2013,6353.81074686767
World Bank,Viet Nam,Industry value added per worker (constant 2015 US$),NV.IND.EMPL.KD,2012,6174.59006716674
World Bank,Viet Nam,Industry value added per worker (constant 2015 US$),NV.IND.EMPL.KD,2011,5817.27661197833
World Bank,Viet Nam,Industry value added per worker (constant 2015 US$),NV.IND.EMPL.KD,2010,5419.31140684107
World Bank,Viet Nam,Industry value added per worker (constant 2015 US$),NV.IND.EMPL.KD,2009,6133.81521229069
World Bank,Viet Nam,Industry value added per worker (constant 2015 US$),NV.IND.EMPL.KD,2008,6181.11230404204
World Bank,Viet Nam,Industry value added per worker (constant 2015 US$),NV.IND.EMPL.KD,2007,6357.13477458042
World Bank,Viet Nam,Industry value added per worker (constant 2015 US$),NV.IND.EMPL.KD,2006,6378.27177075901
World Bank,Viet Nam,Industry value added per worker (constant 2015 US$),NV.IND.EMPL.KD,2005,6570.03453934553
World Bank,Viet Nam,Industry value added per worker (constant 2015 US$),NV.IND.EMPL.KD,2004,6718.99485694953
World Bank,Viet Nam,Industry value added per worker (constant 2015 US$),NV.IND.EMPL.KD,2003,6582.43687213631
World Bank,Viet Nam,Industry value added per worker (constant 2015 US$),NV.IND.EMPL.KD,2002,6821.97884074469
World Bank,Viet Nam,Industry value added per worker (constant 2015 US$),NV.IND.EMPL.KD,2001,6865.62014176785
World Bank,Viet Nam,Industry value added per worker (constant 2015 US$),NV.IND.EMPL.KD,2000,7349.89753705359
World Bank,Viet Nam,Employment in industry (% total employment),SL.IND.EMPL.ZS,2025,34.8260889132074
World Bank,Viet Nam,Employment in industry (% total employment),SL.IND.EMPL.ZS,2024,34.3195198506067
World Bank,Viet Nam,Employment in industry (% total employment),SL.IND.EMPL.ZS,2023,33.467876483268
World Bank,Viet Nam,Employment in industry (% total employment),SL.IND.EMPL.ZS,2022,30.6825928896503
World Bank,Viet Nam,Employment in industry (% total employment),SL.IND.EMPL.ZS,2021,33.1255735800284
World Bank,Viet Nam,Employment in industry (% total employment),SL.IND.EMPL.ZS,2020,31.0698896075906
World Bank,Viet Nam,Employment in industry (% total employment),SL.IND.EMPL.ZS,2019,29.5891842687317
World Bank,Viet Nam,Employment in industry (% total employment),SL.IND.EMPL.ZS,2018,26.7047230561435
World Bank,Viet Nam,Employment in industry (% total employment),SL.IND.EMPL.ZS,2017,25.7768318231697
World Bank,Viet Nam,Employment in industry (% total employment),SL.IND.EMPL.ZS,2016,24.7622070388361
World Bank,Viet Nam,Employment in industry (% total employment),SL.IND.EMPL.ZS,2015,22.7436707500954
World Bank,Viet Nam,Employment in industry (% total employment),SL.IND.EMPL.ZS,2014,21.4461042822337
World Bank,Viet Nam,Employment in industry (% total employment),SL.IND.EMPL.ZS,2013,21.1832292145355
World Bank,Viet Nam,Employment in industry (% total employment),SL.IND.EMPL.ZS,2012,21.1899640109416
World Bank,Viet Nam,Employment in industry (% total employment),SL.IND.EMPL.ZS,2011,21.2757181730152
World Bank,Viet Nam,Employment in industry (% total employment),SL.IND.EMPL.ZS,2010,21.6785952420111
World Bank,Viet Nam,Employment in industry (% total employment),SL.IND.EMPL.ZS,2009,21.8479630251233
World Bank,Viet Nam,Employment in industry (% total employment),SL.IND.EMPL.ZS,2008,21.0771358253329
World Bank,Viet Nam,Employment in industry (% total employment),SL.IND.EMPL.ZS,2007,20.3881132940118
World Bank,Viet Nam,Employment in industry (% total employment),SL.IND.EMPL.ZS,2006,19.5708016119931
World Bank,Viet Nam,Employment in industry (% total employment),SL.IND.EMPL.ZS,2005,18.2306495423517
World Bank,Viet Nam,Employment in industry (% total employment),SL.IND.EMPL.ZS,2004,16.8415132468136
World Bank,Viet Nam,Employment in industry (% total employment),SL.IND.EMPL.ZS,2003,15.9419360062358
World Bank,Viet Nam,Employment in industry (% total employment),SL.IND.EMPL.ZS,2002,14.2644746609775
World Bank,Viet Nam,Employment in industry (% total employment),SL.IND.EMPL.ZS,2001,13.4973543819823
World Bank,Viet Nam,Employment in industry (% total employment),SL.IND.EMPL.ZS,2000,12.0662187889969
World Bank,Viet Nam,Gross fixed capital formation (annual % growth),NE.GDI.FTOT.KD.ZG,2025,8.59999999999623
World Bank,Viet Nam,Gross fixed capital formation (annual % growth),NE.GDI.FTOT.KD.ZG,2024,7.09412486606243
World Bank,Viet Nam,Gross fixed capital formation (annual % growth),NE.GDI.FTOT.KD.ZG,2023,4.65221981301084
World Bank,Viet Nam,Gross fixed capital formation (annual % growth),NE.GDI.FTOT.KD.ZG,2022,5.86620018915707
World Bank,Viet Nam,Gross fixed capital formation (annual % growth),NE.GDI.FTOT.KD.ZG,2021,2.80046173555016
World Bank,Viet Nam,Gross fixed capital formation (annual % growth),NE.GDI.FTOT.KD.ZG,2020,4.09999999999933
World Bank,Viet Nam,Gross fixed capital formation (annual % growth),NE.GDI.FTOT.KD.ZG,2019,7.67902671246409
World Bank,Viet Nam,Gross fixed capital formation (annual % growth),NE.GDI.FTOT.KD.ZG,2018,8.23999999999685
World Bank,Viet Nam,Gross fixed capital formation (annual % growth),NE.GDI.FTOT.KD.ZG,2017,10.5000000000017
World Bank,Viet Nam,Gross fixed capital formation (annual % growth),NE.GDI.FTOT.KD.ZG,2016,10.0000000000017
World Bank,Viet Nam,Gross fixed capital formation (annual % growth),NE.GDI.FTOT.KD.ZG,2015,9.79999999999659
World Bank,Viet Nam,Gross fixed capital formation (annual % growth),NE.GDI.FTOT.KD.ZG,2014,9.28000000000371
World Bank,Viet Nam,Gross fixed capital formation (annual % growth),NE.GDI.FTOT.KD.ZG,2013,5.84999999999998
World Bank,Viet Nam,Gross fixed capital formation (annual % growth),NE.GDI.FTOT.KD.ZG,2012,2.33999999999448
World Bank,Viet Nam,Gross fixed capital formation (annual % growth),NE.GDI.FTOT.KD.ZG,2011,-4.77369901209397
World Bank,Viet Nam,Gross fixed capital formation (annual % growth),NE.GDI.FTOT.KD.ZG,2010,10.8942204932367
World Bank,Viet Nam,Gross fixed capital formation (annual % growth),NE.GDI.FTOT.KD.ZG,2009,8.72540545110677
World Bank,Viet Nam,Gross fixed capital formation (annual % growth),NE.GDI.FTOT.KD.ZG,2008,3.83877773499076
World Bank,Viet Nam,Gross fixed capital formation (annual % growth),NE.GDI.FTOT.KD.ZG,2007,24.1571905531432
World Bank,Viet Nam,Gross fixed capital formation (annual % growth),NE.GDI.FTOT.KD.ZG,2006,9.90233479859688
World Bank,Viet Nam,Gross fixed capital formation (annual % growth),NE.GDI.FTOT.KD.ZG,2005,9.75089280033869
World Bank,Viet Nam,Gross fixed capital formation (annual % growth),NE.GDI.FTOT.KD.ZG,2004,10.441263553732
World Bank,Viet Nam,Gross fixed capital formation (annual % growth),NE.GDI.FTOT.KD.ZG,2003,11.9019954907467
World Bank,Viet Nam,Gross fixed capital formation (annual % growth),NE.GDI.FTOT.KD.ZG,2002,12.8639151530021
World Bank,Viet Nam,Gross fixed capital formation (annual % growth),NE.GDI.FTOT.KD.ZG,2001,10.719011955778
World Bank,Viet Nam,Gross fixed capital formation (annual % growth),NE.GDI.FTOT.KD.ZG,2000,10.1803796654939
World Bank,Viet Nam,"Gross fixed capital formation, private sector (% of GDP)",NE.GDI.FPRV.ZS,2025,
World Bank,Viet Nam,"Gross fixed capital formation, private sector (% of GDP)",NE.GDI.FPRV.ZS,2024,
World Bank,Viet Nam,"Gross fixed capital formation, private sector (% of GDP)",NE.GDI.FPRV.ZS,2023,
World Bank,Viet Nam,"Gross fixed capital formation, private sector (% of GDP)",NE.GDI.FPRV.ZS,2022,
World Bank,Viet Nam,"Gross fixed capital formation, private sector (% of GDP)",NE.GDI.FPRV.ZS,2021,
World Bank,Viet Nam,"Gross fixed capital formation, private sector (% of GDP)",NE.GDI.FPRV.ZS,2020,
World Bank,Viet Nam,"Gross fixed capital formation, private sector (% of GDP)",NE.GDI.FPRV.ZS,2019,
World Bank,Viet Nam,"Gross fixed capital formation, private sector (% of GDP)",NE.GDI.FPRV.ZS,2018,
World Bank,Viet Nam,"Gross fixed capital formation, private sector (% of GDP)",NE.GDI.FPRV.ZS,2017,
World Bank,Viet Nam,"Gross fixed capital formation, private sector (% of GDP)",NE.GDI.FPRV.ZS,2016,
World Bank,Viet Nam,"Gross fixed capital formation, private sector (% of GDP)",NE.GDI.FPRV.ZS,2015,
World Bank,Viet Nam,"Gross fixed capital formation, private sector (% of GDP)",NE.GDI.FPRV.ZS,2014,
World Bank,Viet Nam,"Gross fixed capital formation, private sector (% of GDP)",NE.GDI.FPRV.ZS,2013,
World Bank,Viet Nam,"Gross fixed capital formation, private sector (% of GDP)",NE.GDI.FPRV.ZS,2012,
World Bank,Viet Nam,"Gross fixed capital formation, private sector (% of GDP)",NE.GDI.FPRV.ZS,2011,
World Bank,Viet Nam,"Gross fixed capital formation, private sector (% of GDP)",NE.GDI.FPRV.ZS,2010,
World Bank,Viet Nam,"Gross fixed capital formation, private sector (% of GDP)",NE.GDI.FPRV.ZS,2009,
World Bank,Viet Nam,"Gross fixed capital formation, private sector (% of GDP)",NE.GDI.FPRV.ZS,2008,
World Bank,Viet Nam,"Gross fixed capital formation, private sector (% of GDP)",NE.GDI.FPRV.ZS,2007,
World Bank,Viet Nam,"Gross fixed capital formation, private sector (% of GDP)",NE.GDI.FPRV.ZS,2006,
World Bank,Viet Nam,"Gross fixed capital formation, private sector (% of GDP)",NE.GDI.FPRV.ZS,2005,
World Bank,Viet Nam,"Gross fixed capital formation, private sector (% of GDP)",NE.GDI.FPRV.ZS,2004,
World Bank,Viet Nam,"Gross fixed capital formation, private sector (% of GDP)",NE.GDI.FPRV.ZS,2003,
World Bank,Viet Nam,"Gross fixed capital formation, private sector (% of GDP)",NE.GDI.FPRV.ZS,2002,
World Bank,Viet Nam,"Gross fixed capital formation, private sector (% of GDP)",NE.GDI.FPRV.ZS,2001,
World Bank,Viet Nam,"Gross fixed capital formation, private sector (% of GDP)",NE.GDI.FPRV.ZS,2000,
World Bank,Viet Nam,"Foreign direct investment, net inflows (BoP, current US$)",BX.KLT.DINV.CD.WD,2025,
World Bank,Viet Nam,"Foreign direct investment, net inflows (BoP, current US$)",BX.KLT.DINV.CD.WD,2024,20170000000
World Bank,Viet Nam,"Foreign direct investment, net inflows (BoP, current US$)",BX.KLT.DINV.CD.WD,2023,18500000000
World Bank,Viet Nam,"Foreign direct investment, net inflows (BoP, current US$)",BX.KLT.DINV.CD.WD,2022,17900000000
World Bank,Viet Nam,"Foreign direct investment, net inflows (BoP, current US$)",BX.KLT.DINV.CD.WD,2021,15660000000
World Bank,Viet Nam,"Foreign direct investment, net inflows (BoP, current US$)",BX.KLT.DINV.CD.WD,2020,15800000000
World Bank,Viet Nam,"Foreign direct investment, net inflows (BoP, current US$)",BX.KLT.DINV.CD.WD,2019,16120000000
World Bank,Viet Nam,"Foreign direct investment, net inflows (BoP, current US$)",BX.KLT.DINV.CD.WD,2018,15500000000
World Bank,Viet Nam,"Foreign direct investment, net inflows (BoP, current US$)",BX.KLT.DINV.CD.WD,2017,14100000000
World Bank,Viet Nam,"Foreign direct investment, net inflows (BoP, current US$)",BX.KLT.DINV.CD.WD,2016,12600000000
World Bank,Viet Nam,"Foreign direct investment, net inflows (BoP, current US$)",BX.KLT.DINV.CD.WD,2015,11800000000
World Bank,Viet Nam,"Foreign direct investment, net inflows (BoP, current US$)",BX.KLT.DINV.CD.WD,2014,9200000000
World Bank,Viet Nam,"Foreign direct investment, net inflows (BoP, current US$)",BX.KLT.DINV.CD.WD,2013,8900000000
World Bank,Viet Nam,"Foreign direct investment, net inflows (BoP, current US$)",BX.KLT.DINV.CD.WD,2012,8368000000
World Bank,Viet Nam,"Foreign direct investment, net inflows (BoP, current US$)",BX.KLT.DINV.CD.WD,2011,7430000000
World Bank,Viet Nam,"Foreign direct investment, net inflows (BoP, current US$)",BX.KLT.DINV.CD.WD,2010,8000000000
World Bank,Viet Nam,"Foreign direct investment, net inflows (BoP, current US$)",BX.KLT.DINV.CD.WD,2009,7600000000
World Bank,Viet Nam,"Foreign direct investment, net inflows (BoP, current US$)",BX.KLT.DINV.CD.WD,2008,9579000000
World Bank,Viet Nam,"Foreign direct investment, net inflows (BoP, current US$)",BX.KLT.DINV.CD.WD,2007,6700000000
World Bank,Viet Nam,"Foreign direct investment, net inflows (BoP, current US$)",BX.KLT.DINV.CD.WD,2006,2400000000
World Bank,Viet Nam,"Foreign direct investment, net inflows (BoP, current US$)",BX.KLT.DINV.CD.WD,2005,1954000000
World Bank,Viet Nam,"Foreign direct investment, net inflows (BoP, current US$)",BX.KLT.DINV.CD.WD,2004,1610000000
World Bank,Viet Nam,"Foreign direct investment, net inflows (BoP, current US$)",BX.KLT.DINV.CD.WD,2003,1450000000
World Bank,Viet Nam,"Foreign direct investment, net inflows (BoP, current US$)",BX.KLT.DINV.CD.WD,2002,1400000000
World Bank,Viet Nam,"Foreign direct investment, net inflows (BoP, current US$)",BX.KLT.DINV.CD.WD,2001,1300000000
World Bank,Viet Nam,"Foreign direct investment, net inflows (BoP, current US$)",BX.KLT.DINV.CD.WD,2000,1298000000
